{"SCENARIO_seated_noavatar": {"total_motion": 11.072219825000005, "average_angular_velocity": -0.008386277528089889, "average_angular_acceleration": -0.01060538181818182}, "SCENARIO_seated_avatar": {"total_motion": 6.344647392000001, "average_angular_velocity": 0.0016880416666666678, "average_angular_acceleration": -0.032864332765957426}, "SCENARIO_walking_noavatar": {"total_motion": 16.095807538, "average_angular_velocity": 0.002614663076923078, "average_angular_acceleration": -0.025356903125000003}, "SCENARIO_walking_avatar": {"total_motion": 37.878960185, "average_angular_velocity": 3.0322536764706195e-05, "average_angular_acceleration": -0.016521006111111135}}