{"SCENARIO_seated_noavatar": {"hrv": 4.492207786361596, "average_bpm": 88.23529411764706}, "SCENARIO_seated_avatar": {"hrv": 3.8327535793473597, "average_bpm": 86.1}, "SCENARIO_walking_noavatar": {"hrv": 1.880349511584026, "average_bpm": 83.5}, "SCENARIO_walking_avatar": {"hrv": 4.032107081557578, "average_bpm": 89.03703703703704}}