{"SCENARIO_seated_noavatar": {"total_motion": 6.673391482, "average_angular_velocity": -0.017822901730769232, "average_angular_acceleration": -0.01868099470588235}, "SCENARIO_seated_avatar": {"total_motion": 4.604517830000002, "average_angular_velocity": 0.004613224999999999, "average_angular_acceleration": -0.026376957179487175}, "SCENARIO_walking_noavatar": {"total_motion": 9.574292199999999, "average_angular_velocity": 0.017969045, "average_angular_acceleration": -0.11746219999999996}, "SCENARIO_walking_avatar": {"total_motion": 9.539871049999999, "average_angular_velocity": 0.009442029166666676, "average_angular_acceleration": -0.11390738260869569}}