{"SCENARIO_seated_noavatar": {"hrv": 2.9681644159311658, "average_bpm": 104.3}, "SCENARIO_seated_avatar": {"hrv": 4.031128874149275, "average_bpm": 101.0}, "SCENARIO_walking_noavatar": {"hrv": 1.479019945774904, "average_bpm": 108.25}, "SCENARIO_walking_avatar": {"hrv": 3.826225293941798, "average_bpm": 109.6}}