{"SCENARIO_seated_noavatar": {"total_motion": 10.451526842000002, "average_angular_velocity": -0.010695528235294132, "average_angular_acceleration": -0.011347336785714294}, "SCENARIO_seated_avatar": {"total_motion": 21.277336676, "average_angular_velocity": -0.004818045286654136, "average_angular_acceleration": -0.013579288908471137}, "SCENARIO_walking_avatar": {"total_motion": 6.18869008, "average_angular_velocity": 0.008708047368421052, "average_angular_acceleration": -0.13135138333333335}, "SCENARIO_walking_noavatar": {"total_motion": 45.86647911600001, "average_angular_velocity": 7.422912931034585e-05, "average_angular_acceleration": -0.023721614965217373}}