{"SCENARIO_seated_noavatar": {"hrv": 4.058218303944372, "average_bpm": 96.44444444444444}, "SCENARIO_seated_avatar": {"hrv": 3.9860869143671325, "average_bpm": 94.66666666666667}, "SCENARIO_walking_noavatar": {"hrv": 7.094056572797304, "average_bpm": 93.91228070175438}, "SCENARIO_walking_avatar": {"hrv": 1.699673171197595, "average_bpm": 97.33333333333333}}