{"SCENARIO_seated_noavatar": {"hrv": 3.330091015699047, "average_bpm": 75.27777777777777}, "SCENARIO_seated_avatar": {"hrv": 1.2, "average_bpm": 70.4}, "SCENARIO_walking_avatar": {"hrv": 0.9428090415820634, "average_bpm": 70.66666666666667}, "SCENARIO_walking_noavatar": {"hrv": 0.4714045207910317, "average_bpm": 72.66666666666667}}