{"SCENARIO_seated_avatar": {"total_motion": 4.247301800000001, "average_angular_velocity": -0.07154055857142853, "average_angular_acceleration": -0.10209351692307687}, "SCENARIO_seated_noavatar": {"total_motion": 5.484980164, "average_angular_velocity": 0.0002400848499999997, "average_angular_acceleration": -0.04715627374358974}, "SCENARIO_walking_noavatar": {"total_motion": 4.3809930999999995, "average_angular_velocity": 0.024340722222222215, "average_angular_acceleration": -0.2721394875}, "SCENARIO_walking_avatar": {"total_motion": 11.627318924000003, "average_angular_velocity": 0.0011078266666666706, "average_angular_acceleration": -0.07091539656249998}}