{"SCENARIO_seated_avatar": {"hrv": 1.920286436967152, "average_bpm": 99.25}, "SCENARIO_seated_noavatar": {"hrv": 4.0490815907307995, "average_bpm": 96.22222222222223}, "SCENARIO_walking_noavatar": {"hrv": 0.0, "average_bpm": 96.0}, "SCENARIO_walking_avatar": {"hrv": 2.981423969999719, "average_bpm": 98.66666666666667}}