{"SCENARIO_seated_avatar": {"total_motion": 34.53601457300002, "average_angular_velocity": -0.008424585947411002, "average_angular_acceleration": -0.01095696091983401}, "SCENARIO_seated_noavatar": {"total_motion": 11.107694389999997, "average_angular_velocity": 0.0033506803278688527, "average_angular_acceleration": -0.017449487666666656}, "SCENARIO_walking_noavatar": {"total_motion": 41.92679524499998, "average_angular_velocity": 0.0005501722307692314, "average_angular_acceleration": -0.014272870620155044}, "SCENARIO_walking_avatar": {"total_motion": 37.97442173999999, "average_angular_velocity": 0.0001850040625, "average_angular_acceleration": -0.012673086220472436}}