{"SCENARIO_seated_avatar": {"hrv": 6.379849476190091, "average_bpm": 82.45454545454545}, "SCENARIO_seated_noavatar": {"hrv": 4.877189995122264, "average_bpm": 78.46153846153847}, "SCENARIO_walking_noavatar": {"hrv": 2.717737050296848, "average_bpm": 83.1923076923077}, "SCENARIO_walking_avatar": {"hrv": 2.6649711078953855, "average_bpm": 81.88461538461539}}