{"SCENARIO_seated_avatar": {"hrv": 4.209868369646573, "average_bpm": 95.47368421052632}, "SCENARIO_seated_noavatar": {"hrv": 5.149838185160125, "average_bpm": 100.75}, "SCENARIO_walking_noavatar": {"hrv": 4.493050188902857, "average_bpm": 95.25}, "SCENARIO_walking_avatar": {"hrv": 2.4979991993593593, "average_bpm": 90.4}}