{"SCENARIO_seated_noavatar": {"hrv": 3.125960060137982, "average_bpm": 86.41176470588235}, "SCENARIO_seated_avatar": {"hrv": 3.905124837953327, "average_bpm": 91.5}, "SCENARIO_walking_noavatar": {"hrv": 2.40170007813343, "average_bpm": 95.65714285714286}, "SCENARIO_walking_avatar": {"hrv": 3.1565358893669617, "average_bpm": 96.47619047619048}}