{"SCENARIO_seated_avatar": {"total_motion": 6.156172381000001, "average_angular_velocity": -0.021641553571428582, "average_angular_acceleration": -0.024105347407407402}, "SCENARIO_seated_noavatar": {"total_motion": 4.911604519999998, "average_angular_velocity": 0.00491150967741935, "average_angular_acceleration": -0.03547759966666667}, "SCENARIO_walking_avatar": {"total_motion": 11.594301361000001, "average_angular_velocity": 0.04741896111111111, "average_angular_acceleration": -0.11103433529411762}, "SCENARIO_walking_noavatar": {"total_motion": 23.350739499999992, "average_angular_velocity": 0.03828904761904761, "average_angular_acceleration": -0.06311624390243903}}