{"SCENARIO_seated_avatar": {"hrv": 1.9507833184532706, "average_bpm": 108.83333333333333}, "SCENARIO_seated_noavatar": {"hrv": 2.23606797749979, "average_bpm": 108.0}, "SCENARIO_walking_avatar": {"hrv": 1.8856180831641267, "average_bpm": 107.33333333333333}, "SCENARIO_walking_noavatar": {"hrv": 2.4241582476968255, "average_bpm": 110.11111111111111}}