{"SCENARIO_seated_noavatar": {"total_motion": 32.402618885, "average_angular_velocity": -0.008691700906679152, "average_angular_acceleration": -0.013458479298602385}, "SCENARIO_seated_avatar": {"total_motion": 7.444896647000001, "average_angular_velocity": 0.004980488679245281, "average_angular_acceleration": -0.039049853269230786}, "SCENARIO_walking_avatar": {"total_motion": 3.45985203, "average_angular_velocity": 0.0038536487499999895, "average_angular_acceleration": -0.14684596800000002}, "SCENARIO_walking_noavatar": {"total_motion": 8.818546190000001, "average_angular_velocity": 0.0011726437499999989, "average_angular_acceleration": -0.11983189304347831}}