{"SCENARIO_seated_noavatar": {"hrv": 4.5069390943299865, "average_bpm": 102.75}, "SCENARIO_seated_avatar": {"hrv": 3.467107343785787, "average_bpm": 90.75}, "SCENARIO_walking_avatar": {"hrv": 1.0, "average_bpm": 96.0}, "SCENARIO_walking_noavatar": {"hrv": 8.875632907242855, "average_bpm": 100.36363636363636}}