{"SCENARIO_seated_noavatar": {"total_motion": 32.219919042499995, "average_angular_velocity": -0.004480454284906727, "average_angular_acceleration": -0.017369949923103076}, "SCENARIO_seated_avatar": {"total_motion": 29.894490775000005, "average_angular_velocity": -0.006783113269711427, "average_angular_acceleration": -0.008351481232959075}, "SCENARIO_walking_avatar": {"total_motion": 62.180173015999976, "average_angular_velocity": -0.012847519308943088, "average_angular_acceleration": -0.019295114732289866}, "SCENARIO_walking_noavatar": {"total_motion": 5.852310309999999, "average_angular_velocity": 0.06447961666666667, "average_angular_acceleration": -0.12902420909090911}}