{"SCENARIO_seated_noavatar": {"hrv": 7.3878856593720075, "average_bpm": 92.97674418604652}, "SCENARIO_seated_avatar": {"hrv": 6.235453987208374, "average_bpm": 90.52631578947368}, "SCENARIO_walking_avatar": {"hrv": 7.821311434633449, "average_bpm": 100.51282051282051}, "SCENARIO_walking_noavatar": {"hrv": 0.9428090415820634, "average_bpm": 87.66666666666667}}