{"SCENARIO_seated_noavatar": {"total_motion": 9.884732794, "average_angular_velocity": 0.0003657447500000001, "average_angular_acceleration": -0.024892035696202526}, "SCENARIO_seated_avatar": {"total_motion": 5.1920072720000014, "average_angular_velocity": 0.0010869680555555526, "average_angular_acceleration": -0.03603589}, "SCENARIO_walking_avatar": {"total_motion": 18.049567463999995, "average_angular_velocity": 0.0019736588235294097, "average_angular_acceleration": -0.021497602970297045}, "SCENARIO_walking_noavatar": {"total_motion": 7.235785899000001, "average_angular_velocity": 0.00023253209677419229, "average_angular_acceleration": -0.031944909999999986}}