{"SCENARIO_seated_noavatar": {"hrv": 3.899250216276835, "average_bpm": 79.17647058823529}, "SCENARIO_seated_avatar": {"hrv": 1.0690449676496976, "average_bpm": 77.0}, "SCENARIO_walking_avatar": {"hrv": 2.785612533754222, "average_bpm": 77.04761904761905}, "SCENARIO_walking_noavatar": {"hrv": 1.8589301497837802, "average_bpm": 79.07692307692308}}