{"SCENARIO_seated_avatar": {"hrv": 3.530187278632994, "average_bpm": 97.06666666666666}, "SCENARIO_seated_noavatar": {"hrv": 6.409893500977809, "average_bpm": 100.35714285714286}, "SCENARIO_walking_noavatar": {"hrv": 4.271640619275797, "average_bpm": 100.44444444444444}, "SCENARIO_walking_avatar": {"hrv": 3.1000000000000005, "average_bpm": 101.7}}