{"SCENARIO_seated_avatar": {"hrv": 0.0, "average_bpm": 115.0}, "SCENARIO_seated_noavatar": {"hrv": 3.101246286874997, "average_bpm": 102.47368421052632}, "SCENARIO_walking_avatar": {"hrv": 5.529717694220726, "average_bpm": 101.33333333333333}, "SCENARIO_walking_noavatar": {"hrv": 6.627560351518328, "average_bpm": 107.8076923076923}}