{"SCENARIO_seated_avatar": {"hrv": 7.025622748198198, "average_bpm": 95.875}, "SCENARIO_seated_noavatar": {"hrv": 6.7494855771055295, "average_bpm": 94.66666666666667}, "SCENARIO_walking_noavatar": {"hrv": 2.8713930346059686, "average_bpm": 97.57142857142857}, "SCENARIO_walking_avatar": {"hrv": 3.847076812334269, "average_bpm": 98.0}}