{"SCENARIO_seated_noavatar": {"total_motion": 6.561983155000003, "average_angular_velocity": -0.016867167333333325, "average_angular_acceleration": -0.018663379545454536}, "SCENARIO_seated_avatar": {"total_motion": 2.116436097, "average_angular_velocity": 0.001533575909090909, "average_angular_acceleration": -0.062091385238095265}, "SCENARIO_walking_noavatar": {"total_motion": 4.07093213, "average_angular_velocity": 0.017580527777777775, "average_angular_acceleration": -0.09798630470588235}, "SCENARIO_walking_avatar": {"total_motion": 10.697308690000003, "average_angular_velocity": 0.001659510810810811, "average_angular_acceleration": -0.06421152777777778}}