{"SCENARIO_seated_noavatar": {"hrv": 3.9752319599996264, "average_bpm": 85.55555555555556}, "SCENARIO_seated_avatar": {"hrv": 1.8330302779823358, "average_bpm": 76.2}, "SCENARIO_walking_noavatar": {"hrv": 2.179449471770337, "average_bpm": 83.5}, "SCENARIO_walking_avatar": {"hrv": 1.7275343701356567, "average_bpm": 82.375}}