{"SCENARIO_seated_noavatar": {"total_motion": 32.46597944599999, "average_angular_velocity": -0.02340355332142084, "average_angular_acceleration": -0.018946781127138972}, "SCENARIO_seated_avatar": {"total_motion": 11.732039828000001, "average_angular_velocity": 0.00645092291666667, "average_angular_acceleration": -0.06774463404255318}, "SCENARIO_walking_noavatar": {"total_motion": 42.643643520000005, "average_angular_velocity": 0.008048691489361702, "average_angular_acceleration": -0.02611368817204301}, "SCENARIO_walking_avatar": {"total_motion": 4.64134932, "average_angular_velocity": 0.01895454545454547, "average_angular_acceleration": -0.25029152}}