{"SCENARIO_seated_noavatar": {"hrv": 3.836854260626008, "average_bpm": 81.52777777777777}, "SCENARIO_seated_avatar": {"hrv": 2.1659542988464366, "average_bpm": 84.55555555555556}, "SCENARIO_walking_noavatar": {"hrv": 4.313701970623147, "average_bpm": 85.94444444444444}, "SCENARIO_walking_avatar": {"hrv": 0.0, "average_bpm": 84.0}}