{"SCENARIO_seated_avatar": {"total_motion": 8.815165282999999, "average_angular_velocity": -0.007608209782608684, "average_angular_acceleration": -0.008425619450549461}, "SCENARIO_seated_noavatar": {"total_motion": 14.210336407999993, "average_angular_velocity": -0.005028263364148491, "average_angular_acceleration": -0.008912297264653184}, "SCENARIO_walking_avatar": {"total_motion": 23.318609498999994, "average_angular_velocity": -0.0010207622843551795, "average_angular_acceleration": -0.008535122471335364}, "SCENARIO_walking_noavatar": {"total_motion": 9.052584940000001, "average_angular_velocity": 0.0009732769811320753, "average_angular_acceleration": -0.034711915769230765}}