{"SCENARIO_seated_avatar": {"hrv": 5.115939748098373, "average_bpm": 79.22222222222223}, "SCENARIO_seated_noavatar": {"hrv": 2.470708400439032, "average_bpm": 73.66}, "SCENARIO_walking_avatar": {"hrv": 2.863477985394599, "average_bpm": 78.57777777777778}, "SCENARIO_walking_noavatar": {"hrv": 1.9198829165402616, "average_bpm": 76.36363636363636}}