{"SCENARIO_seated_avatar": {"hrv": NaN, "average_bpm": NaN}, "SCENARIO_seated_noavatar": {"hrv": 2.323343253897823, "average_bpm": 69.88235294117646}, "SCENARIO_walking_avatar": {"hrv": 3.6033838263498934, "average_bpm": 75.875}, "SCENARIO_walking_noavatar": {"hrv": 1.5132745950421556, "average_bpm": 74.1}}