{"SCENARIO_seated_noavatar": {"hrv": 2.6659778724754872, "average_bpm": 61.72727272727273}, "SCENARIO_seated_avatar": {"hrv": 2.030381486221699, "average_bpm": 67.85714285714286}, "SCENARIO_walking_noavatar": {"hrv": 0.7637626158259734, "average_bpm": 66.5}, "SCENARIO_walking_avatar": {"hrv": 1.699673171197595, "average_bpm": 67.66666666666667}}