{"SCENARIO_seated_noavatar": {"hrv": 2.148786622868191, "average_bpm": 70.77777777777777}, "SCENARIO_seated_avatar": {"hrv": 1.7320508075688772, "average_bpm": 72.0}, "SCENARIO_walking_avatar": {"hrv": 2.6340776472805647, "average_bpm": 72.63235294117646}, "SCENARIO_walking_noavatar": {"hrv": 0.9715336077668174, "average_bpm": 73.35714285714286}}