{"SCENARIO_seated_noavatar": {"total_motion": 10.268651518999999, "average_angular_velocity": 0.0006160539130434776, "average_angular_acceleration": -0.011260990087719296}, "SCENARIO_seated_avatar": {"total_motion": 2.7920135299999997, "average_angular_velocity": 0.0004981866666666628, "average_angular_acceleration": -0.06350558999999999}, "SCENARIO_walking_noavatar": {"total_motion": 60.206009370000004, "average_angular_velocity": 0.044325553571428575, "average_angular_acceleration": -0.021236363636363623}, "SCENARIO_walking_avatar": {"total_motion": 133.564899654, "average_angular_velocity": 0.005486675510204083, "average_angular_acceleration": -0.031421822680412374}}