{"SCENARIO_seated_noavatar": {"hrv": 5.239904314223898, "average_bpm": 73.70833333333333}, "SCENARIO_seated_avatar": {"hrv": 0.816496580927726, "average_bpm": 68.0}, "SCENARIO_walking_noavatar": {"hrv": 5.973901572674261, "average_bpm": 76.25}, "SCENARIO_walking_avatar": {"hrv": 2.788977115682478, "average_bpm": 77.10526315789474}}