{"SCENARIO_seated_avatar": {"total_motion": 9.493953038, "average_angular_velocity": -0.009931334842105262, "average_angular_acceleration": -0.010388461489361707}, "SCENARIO_seated_noavatar": {"total_motion": 2.335613024, "average_angular_velocity": 0.000562806285714289, "average_angular_acceleration": -0.0377254632352941}, "SCENARIO_walking_avatar": {"total_motion": 12.611464206999996, "average_angular_velocity": 0.000174141044444444, "average_angular_acceleration": -0.03894773188636363}, "SCENARIO_walking_noavatar": {"total_motion": 42.01039449199999, "average_angular_velocity": 0.0037248682692307715, "average_angular_acceleration": -0.020891919417475733}}