{"SCENARIO_seated_avatar": {"hrv": 3.5290641293137286, "average_bpm": 103.57894736842105}, "SCENARIO_seated_noavatar": {"hrv": 1.0690449676496976, "average_bpm": 96.0}, "SCENARIO_walking_avatar": {"hrv": 5.840323193111833, "average_bpm": 99.875}, "SCENARIO_walking_noavatar": {"hrv": 3.8716921365211876, "average_bpm": 101.1}}