{"SCENARIO_seated_noavatar": {"hrv": 5.635601121442148, "average_bpm": 139.2}, "SCENARIO_seated_avatar": {"hrv": 6.818716738447468, "average_bpm": 142.07142857142858}, "SCENARIO_walking_avatar": {"hrv": 5.398044913567215, "average_bpm": 136.83333333333334}, "SCENARIO_walking_noavatar": {"hrv": 5.832738064865706, "average_bpm": 134.25}}