{"SCENARIO_seated_noavatar": {"hrv": 1.9148542155126762, "average_bpm": 105.0}, "SCENARIO_seated_avatar": {"hrv": 2.8284271247461903, "average_bpm": 105.0}, "SCENARIO_walking_avatar": {"hrv": 1.7853571071357126, "average_bpm": 109.75}, "SCENARIO_walking_noavatar": {"hrv": 2.987864729223599, "average_bpm": 109.11764705882354}}